Workbook
Name ASK: #REF!
Name BID: #REF!
Name DAT: #REF!
Name filterValues: #REF!
Name MID_PRICE: #REF!
Name mu: 'EUR-GBP-JPY vs USD'!$AC$4
Name obs: PACF!$B$8
Name PACF_AR1: PACF!$B$18
Name PACF_AR2: PACF!$B$19
Name PACF_AR3: PACF!$B$20
Name phTableData: #REF!
Name phTableHeader: #REF!
Name phTableName: #REF!
Name sheetHeader: #REF!
Name statPriceChangeTableData: #REF!
Name statPriceChangeTableHeader: #REF!
Name statTableName: #REF!
Name statUpDownTableData: #REF!
Name statUpDownTableHeader: #REF!
Name theta: 'EUR-GBP-JPY vs USD'!$AC$5

Sheet EUR-GBP-JPY vs USD
F1: AR Specifications: | V1: MA Specifications:
W3: JPY revenue | X3: Yt-1 | Y3: Yt-2 | Z3: Yt-3 | AB3: Estimation | AE3: Epslion: | AF3: Epsilon-1: | AG3: Epsilon-2: | AK3: Epslion squarred:
A4: Date | B4: EUR= | C4: GBP= | D4: JPY | G4: Yt | H4: Yt-1 | I4: Yt-2 | J4: Yt-3 | L4: DeltaYt | M4: Yhat | Q4: AR(1) | R4: AR(2) | S4: AR(3) | AB4: mu | AC4: 0.00025483807 | AP4: MA(1) | AQ4: MA(2) | AR4: MA(3)
A5: 43930 | B5: 1.0927 | C5: 1.2455 | D5: 108.46 | G5: 1.0927 | H5: 0 | I5: 0 | J5: 0 | L5: =G5-H5 -> 1.0927 | P5: ACF | Q5: =CORREL(G5:G1517,H5:H1517) -> 0.89778192 | R5: =CORREL(G5:G1517,I5:I1517) -> 0.82206126 | S5: =CORREL(G5:G1517,J5:J1517) -> 0.76335145 | AB5: thetha | AC5: -0.24143078 | AH5: Correl: | AL5: Sum: | AM5: =SUM(AK7:AK1517) -> 0.07821239 | AO5: ACF | AP5: =CORREL($W$4:$W$1517,X4:X1517) -> -0.21897775 | AQ5: =CORREL($W$4:$W$1517,Y4:Y1517) -> -0.024370987 | AR5: =CORREL($W$4:$W$1517,Z4:Z1517) -> 0.0095016327
A6: 43931 | B6: 1.0935 | C6: 1.2452 | D6: 108.46 | G6: 1.0935 | H6: =G5 -> 1.0927 | I6: 0 | J6: 0 | L6: =G6-H6 -> 0.0008 | P6: PACF | Q6: =PACF_AR1 -> 0.80421138 | R6: =PACF_AR2 -> -0.00065744048 | S6: =PACF_AR3 -> 0.0034493933 | W6: =(D6-D5)/D5 -> 0 | AH6: =CORREL($AE$7:$AE$1517,AF7:AF1517) -> 0.0043259592 | AI6: =CORREL($AE$7:$AE$1517,AG7:AG1517) -> -0.021570688 | AO6: PACF
A7: 43934 | B7: 1.0913 | C7: 1.2507 | D7: 107.76 | G7: 1.0913 | H7: =G6 -> 1.0935 | I7: =H6 -> 1.0927 | J7: 0 | L7: =G7-H7 -> -0.0022 | W7: =(D7-D6)/D6 -> -0.0064539923 | X7: =W6 -> 0 | AE7: =W7-mu-theta*AE6 -> -0.0067088303 | AK7: =POWER(AE7,2) -> 4.5008404e-05
A8: 43935 | B8: 1.0979 | C8: 1.2623 | D8: 107.2 | G8: 1.0979 | H8: =G7 -> 1.0913 | I8: =H7 -> 1.0935 | J8: =I7 -> 1.0927 | L8: =G8-H8 -> 0.0066 | P8: AIC | Q8: =obs*LN('AR(1)'!C13/obs)+2 -> -11070.199 | R8: =obs*LN('AR(2)'!C13/obs)+4 -> -11068.213 | S8: =obs*LN(PACF!C13/obs)+3 -> -11069.235 | W8: =(D8-D7)/D7 -> -0.0051967335 | X8: =W7 -> -0.0064539923 | Y8: =X7 -> 0 | AE8: =W8-mu-theta*AE7 -> -0.0070712897 | AF8: =AE7 -> -0.0067088303 | AK8: =POWER(AE8,2) -> 5.0003138e-05
A9: 43936 | B9: 1.0907 | C9: 1.2514 | D9: 107.47 | G9: 1.0907 | H9: =G8 -> 1.0979 | I9: =H8 -> 1.0913 | J9: =I8 -> 1.0935 | L9: =G9-H9 -> -0.0072 | P9: BIC | Q9: =obs*LN('AR(1)'!C13/obs)+LN(obs) -> -11064.877 | R9: =obs*LN('AR(2)'!C13/obs)+2*LN(obs) -> -11057.569 | S9: =obs*LN(PACF!C13/obs)+3*LN(obs) -> -11050.27 | W9: =(D9-D8)/D8 -> 0.0025186567 | X9: =W8 -> -0.0051967335 | Y9: =X8 -> -0.0064539923 | Z9: =Y8 -> 0 | AE9: =W9-mu-theta*AE8 -> 0.00055659169 | AF9: =AE8 -> -0.0070712897 | AG9: =AF8 -> -0.0067088303 | AK9: =POWER(AE9,2) -> 3.0979431e-07
A10: 43937 | B10: 1.0835 | C10: 1.2455 | D10: 107.94 | G10: 1.0835 | H10: =G9 -> 1.0907 | I10: =H9 -> 1.0979 | J10: =I9 -> 1.0913 | L10: =G10-H10 -> -0.0072 | W10: =(D10-D9)/D9 -> 0.0043733135 | X10: =W9 -> 0.0025186567 | Y10: =X9 -> -0.0051967335 | Z10: =Y9 -> -0.0064539923 | AE10: =W10-mu-theta*AE9 -> 0.0042528538 | AF10: =AE9 -> 0.00055659169 | AG10: =AF9 -> -0.0070712897 | AK10: =POWER(AE10,2) -> 1.8086765e-05
A11: 43938 | B11: 1.0876 | C11: 1.2499 | D11: 107.51 | G11: 1.0876 | H11: =G10 -> 1.0835 | I11: =H10 -> 1.0907 | J11: =I10 -> 1.0979 | L11: =G11-H11 -> 0.0041 | W11: =(D11-D10)/D10 -> -0.0039836946 | X11: =W10 -> 0.0043733135 | Y11: =X10 -> 0.0025186567 | Z11: =Y10 -> -0.0051967335 | AE11: =W11-mu-theta*AE10 -> -0.0032117629 | AF11: =AE10 -> 0.0042528538 | AG11: =AF10 -> 0.00055659169 | AK11: =POWER(AE11,2) -> 1.0315421e-05
A12: 43941 | B12: 1.0862 | C12: 1.2435 | D12: 107.61 | G12: 1.0862 | H12: =G11 -> 1.0876 | I12: =H11 -> 1.0835 | J12: =I11 -> 1.0907 | L12: =G12-H12 -> -0.0014 | W12: =(D12-D11)/D11 -> 0.00093014603 | X12: =W11 -> -0.0039836946 | Y12: =X11 -> 0.0043733135 | Z12: =Y11 -> 0.0025186567 | AE12: =W12-mu-theta*AE11 -> -0.00010011046 | AF12: =AE11 -> -0.0032117629 | AG12: =AF11 -> 0.0042528538 | AK12: =POWER(AE12,2) -> 1.0022103e-08
A13: 43942 | B13: 1.0856 | C13: 1.2293 | D13: 107.76 | G13: 1.0856 | H13: =G12 -> 1.0862 | I13: =H12 -> 1.0876 | J13: =I12 -> 1.0835 | L13: =G13-H13 -> -0.0006 | P13: Y bar | W13: =(D13-D12)/D12 -> 0.0013939225 | X13: =W12 -> 0.00093014603 | Y13: =X12 -> -0.0039836946 | Z13: =Y12 -> 0.0043733135 | AE13: =W13-mu-theta*AE12 -> 0.0011149147 | AF13: =AE12 -> -0.00010011046 | AG13: =AF12 -> -0.0032117629 | AK13: =POWER(AE13,2) -> 1.2430347e-06
A14: 43943 | B14: 1.0822 | C14: 1.2332 | D14: 107.72 | G14: 1.0822 | H14: =G13 -> 1.0856 | I14: =H13 -> 1.0862 | J14: =I13 -> 1.0876 | L14: =G14-H14 -> -0.0034 | W14: =(D14-D13)/D13 -> -0.00037119525 | X14: =W13 -> 0.0013939225 | Y14: =X13 -> 0.00093014603 | Z14: =Y13 -> -0.0039836946 | AE14: =W14-mu-theta*AE13 -> -0.0003568586 | AF14: =AE13 -> 0.0011149147 | AG14: =AF13 -> -0.00010011046 | AK14: =POWER(AE14,2) -> 1.2734806e-07
A15: 43944 | B15: 1.0776 | C15: 1.2342 | D15: 107.58 | G15: 1.0776 | H15: =G14 -> 1.0822 | I15: =H14 -> 1.0856 | J15: =I14 -> 1.0862 | L15: =G15-H15 -> -0.0046 | W15: =(D15-D14)/D14 -> -0.0012996658 | X15: =W14 -> -0.00037119525 | Y15: =X14 -> 0.0013939225 | Z15: =Y14 -> 0.00093014603 | AE15: =W15-mu-theta*AE14 -> -0.0016406605 | AF15: =AE14 -> -0.0003568586 | AG15: =AF14 -> 0.0011149147 | AK15: =POWER(AE15,2) -> 2.6917669e-06
A16: 43945 | B16: 1.082 | C16: 1.2367 | D16: 107.5 | G16: 1.082 | H16: =G15 -> 1.0776 | I16: =H15 -> 1.0822 | J16: =I15 -> 1.0856 | L16: =G16-H16 -> 0.0044 | W16: =(D16-D15)/D15 -> -0.00074363265 | X16: =W15 -> -0.0012996658 | Y16: =X15 -> -0.00037119525 | Z16: =Y15 -> 0.0013939225 | AE16: =W16-mu-theta*AE15 -> -0.0013945767 | AF16: =AE15 -> -0.0016406605 | AG16: =AF15 -> -0.0003568586 | AK16: =POWER(AE16,2) -> 1.9448441e-06
A17: 43948 | B17: 1.0828 | C17: 1.2428 | D17: 107.22 | G17: 1.0828 | H17: =G16 -> 1.082 | I17: =H16 -> 1.0776 | J17: =I16 -> 1.0822 | L17: =G17-H17 -> 0.0008 | W17: =(D17-D16)/D16 -> -0.0026046512 | X17: =W16 -> -0.00074363265 | Y17: =X16 -> -0.0012996658 | Z17: =Y16 -> -0.00037119525 | AE17: =W17-mu-theta*AE16 -> -0.003196183 | AF17: =AE16 -> -0.0013945767 | AG17: =AF16 -> -0.0016406605 | AK17: =POWER(AE17,2) -> 1.0215586e-05
A18: 43949 | B18: 1.0818 | C18: 1.2421 | D18: 106.86 | G18: 1.0818 | H18: =G17 -> 1.0828 | I18: =H17 -> 1.082 | J18: =I17 -> 1.0776 | L18: =G18-H18 -> -0.001 | W18: =(D18-D17)/D17 -> -0.0033575825 | X18: =W17 -> -0.0026046512 | Y18: =X17 -> -0.00074363265 | Z18: =Y17 -> -0.0012996658 | AE18: =W18-mu-theta*AE17 -> -0.0043840775 | AF18: =AE17 -> -0.003196183 | AG18: =AF17 -> -0.0013945767 | AK18: =POWER(AE18,2) -> 1.9220136e-05
A19: 43950 | B19: 1.0873 | C19: 1.2464 | D19: 106.7 | G19: 1.0873 | H19: =G18 -> 1.0818 | I19: =H18 -> 1.0828 | J19: =I18 -> 1.082 | L19: =G19-H19 -> 0.0055 | W19: =(D19-D18)/D18 -> -0.0014972862 | X19: =W18 -> -0.0033575825 | Y19: =X18 -> -0.0026046512 | Z19: =Y18 -> -0.00074363265 | AE19: =W19-mu-theta*AE18 -> -0.0028105755 | AF19: =AE18 -> -0.0043840775 | AG19: =AF18 -> -0.003196183 | AK19: =POWER(AE19,2) -> 7.8993346e-06
A20: 43951 | B20: 1.0955 | C20: 1.2592 | D20: 107.17 | G20: 1.0955 | H20: =G19 -> 1.0873 | I20: =H19 -> 1.0818 | J20: =I19 -> 1.0828 | L20: =G20-H20 -> 0.0082 | W20: =(D20-D19)/D19 -> 0.0044048735 | X20: =W19 -> -0.0014972862 | Y20: =X19 -> -0.0033575825 | Z20: =Y19 -> -0.0026046512 | AE20: =W20-mu-theta*AE19 -> 0.003471476 | AF20: =AE19 -> -0.0028105755 | AG20: =AF19 -> -0.0043840775 | AK20: =POWER(AE20,2) -> 1.2051146e-05
A21: 43952 | B21: 1.0983 | C21: 1.2502 | D21: 106.93 | G21: 1.0983 | H21: =G20 -> 1.0955 | I21: =H20 -> 1.0873 | J21: =I20 -> 1.0818 | L21: =G21-H21 -> 0.0028 | W21: =(D21-D20)/D20 -> -0.0022394327 | X21: =W20 -> 0.0044048735 | Y21: =X20 -> -0.0014972862 | Z21: =Y20 -> -0.0033575825 | AE21: =W21-mu-theta*AE20 -> -0.0016561496 | AF21: =AE20 -> 0.003471476 | AG21: =AF20 -> -0.0028105755 | AK21: =POWER(AE21,2) -> 2.7428315e-06
A22: 43955 | B22: 1.0906 | C22: 1.2442 | D22: 106.73 | G22: 1.0906 | H22: =G21 -> 1.0983 | I22: =H21 -> 1.0955 | J22: =I21 -> 1.0873 | L22: =G22-H22 -> -0.0077 | W22: =(D22-D21)/D21 -> -0.0018703825 | X22: =W21 -> -0.0022394327 | Y22: =X21 -> 0.0044048735 | Z22: =Y21 -> -0.0014972862 | AE22: =W22-mu-theta*AE21 -> -0.002525066 | AF22: =AE21 -> -0.0016561496 | AG22: =AF21 -> 0.003471476 | AK22: =POWER(AE22,2) -> 6.3759586e-06
A23: 43956 | B23: 1.0838 | C23: 1.2434 | D23: 106.58 | G23: 1.0838 | H23: =G22 -> 1.0906 | I23: =H22 -> 1.0983 | J23: =I22 -> 1.0955 | L23: =G23-H23 -> -0.0068 | W23: =(D23-D22)/D22 -> -0.0014054155 | X23: =W22 -> -0.0018703825 | Y23: =X22 -> -0.0022394327 | Z23: =Y22 -> 0.0044048735 | AE23: =W23-mu-theta*AE22 -> -0.0022698823 | AF23: =AE22 -> -0.002525066 | AG23: =AF22 -> -0.0016561496 | AK23: =POWER(AE23,2) -> 5.1523655e-06
A24: 43957 | B24: 1.0794 | C24: 1.2341 | D24: 106.14 | G24: 1.0794 | H24: =G23 -> 1.0838 | I24: =H23 -> 1.0906 | J24: =I23 -> 1.0983 | L24: =G24-H24 -> -0.0044 | W24: =(D24-D23)/D23 -> -0.0041283543 | X24: =W23 -> -0.0014054155 | Y24: =X23 -> -0.0018703825 | Z24: =Y23 -> -0.0022394327 | AE24: =W24-mu-theta*AE23 -> -0.0049312118 | AF24: =AE23 -> -0.0022698823 | AG24: =AF23 -> -0.002525066 | AK24: =POWER(AE24,2) -> 2.431685e-05
A25: 43958 | B25: 1.0832 | C25: 1.2361 | D25: 106.27 | G25: 1.0832 | H25: =G24 -> 1.0794 | I25: =H24 -> 1.0838 | J25: =I24 -> 1.0906 | L25: =G25-H25 -> 0.0038 | W25: =(D25-D24)/D24 -> 0.0012247974 | X25: =W24 -> -0.0041283543 | Y25: =X24 -> -0.0014054155 | Z25: =Y24 -> -0.0018703825 | AE25: =W25-mu-theta*AE24 -> -0.00022058693 | AF25: =AE24 -> -0.0049312118 | AG25: =AF24 -> -0.0022698823 | AK25: =POWER(AE25,2) -> 4.8658592e-08
... A1517: 46049 | B1517: 1.2039 | C1517: 1.3844 | D1517: 152.15 | G1517: 1.2039 | H1517: =G1516 -> 1.1875 | I1517: =H1516 -> 1.1831 | J1517: =I1516 -> 1.1752 | L1517: =G1517-H1517 -> 0.0164 | W1517: =(D1517-D1516)/D1516 -> -0.012910341 | X1517: =W1516 -> -0.0059972915 | Y1517: =X1516 -> -0.020899103 | Z1517: =Y1516 -> 0.00069501485 | AE1517: =W1517-mu-theta*AE1516 -> -0.01589978 | AF1517: =AE1516 -> -0.011326646 | AG1517: =AF1516 -> -0.021018515 | AK1517: =POWER(AE1517,2) -> 0.00025280301

Sheet Dickey-Fuller
A1: SUMMARY OUTPUT
A3: Regression Statistics
A4: Multiple R | B4: 0.43819685
A5: R Square | B5: 0.19201648
A6: Adjusted R Square | B6: 0.19148174
A7: Standard Error | B7: 0.025774749
A8: Observations | B8: 1513
A10: ANOVA
B11: df | C11: SS | D11: MS | E11: F | F11: Significance F
A12: Regression | B12: 1 | C12: 0.23855545 | D12: 0.23855545 | E12: 359.08764 | F12: 5.1517961e-72
A13: Residual | B13: 1511 | C13: 1.0038142 | D13: 0.00066433768
A14: Total | B14: 1512 | C14: 1.2423697
B16: Coefficients | C16: Standard Error | D16: t Stat | E16: P-value | F16: Lower 95% | G16: Upper 95% | H16: Lower 95.0% | I16: Upper 95.0%
A17: Intercept | B17: 0.21546391 | C17: 0.011347735 | D17: 18.987393 | E17: 2.8830999e-72 | F17: 0.19320493 | G17: 0.2377229 | H17: 0.19320493 | I17: 0.2377229
A18: Yt-1 | B18: -0.19300014 | C18: 0.010184914 | D18: -18.949608 | E18: 5.1517961e-72 | F18: -0.2129782 | G18: -0.17302207 | H18: -0.2129782 | I18: -0.17302207
A22: RESIDUAL OUTPUT
A24: Observation | B24: Predicted DeltaYt | C24: Residuals
A25: 1 | B25: 0.21546391 | C25: 0.87723609
A26: 2 | B26: 0.0045726643 | C26: -0.0037726643
A27: 3 | B27: 0.0044182642 | C27: -0.0066182642
A28: 4 | B28: 0.0048428645 | C28: 0.0017571355
A29: 5 | B29: 0.0035690636 | C29: -0.010769064
A30: 6 | B30: 0.0049586645 | C30: -0.012158665
A31: 7 | B31: 0.0063482655 | C31: -0.0022482655
A32: 8 | B32: 0.005556965 | C32: -0.006956965
A33: 9 | B33: 0.0058271651 | C33: -0.0064271651
A34: 10 | B34: 0.0059429652 | C34: -0.0093429652
A35: 11 | B35: 0.0065991657 | C35: -0.011199166
A36: 12 | B36: 0.0074869663 | C36: -0.0030869663
... A1537: 1513 | B1537: -0.013723749 | C1537: 0.030123749

Sheet PACF
A1: SUMMARY OUTPUT
A3: Regression Statistics
A4: Multiple R | B4: 0.89778454
A5: R Square | B5: 0.80601709
A6: Adjusted R Square | B6: 0.80563144
A7: Standard Error | B7: 0.025791511
A8: Observations | B8: 1513
A10: ANOVA
B11: df | C11: SS | D11: MS | E11: F | F11: Significance F
A12: Regression | B12: 3 | C12: 4.1708404 | D12: 1.3902801 | E12: 2090.0119 | F12: 0
A13: Residual | B13: 1509 | C13: 1.0037899 | D13: 0.00066520203
A14: Total | B14: 1512 | C14: 5.1746303
B16: Coefficients | C16: Standard Error | D16: t Stat | E16: P-value | F16: Lower 95% | G16: Upper 95% | H16: Lower 95.0% | I16: Upper 95.0%
A17: Intercept | B17: 0.21546494 | C17: 0.011355122 | D17: 18.975133 | E17: 3.5563721e-72 | F17: 0.19319145 | G17: 0.23773844 | H17: 0.19319145 | I17: 0.23773844
A18: Yt-1 | B18: 0.80421138 | C18: 0.025267438 | D18: 31.827975 | E18: 1.6290449e-170 | F18: 0.75464836 | G18: 0.8537744 | H18: 0.75464836 | I18: 0.8537744
A19: Yt-2 | B19: -0.00065744048 | C19: 0.032666541 | D19: -0.020125806 | E19: 0.98394567 | F19: -0.06473408 | G19: 0.063419199 | H19: -0.06473408 | I19: 0.063419199
A20: Yt-3 | B20: 0.0034493933 | C20: 0.023141906 | D20: 0.14905399 | E20: 0.88153095 | F20: -0.041944318 | G20: 0.048843105 | H20: -0.041944318 | I20: 0.048843105
A24: RESIDUAL OUTPUT
A26: Observation | B26: Predicted Yt | C26: Residuals
A27: 1 | B27: 0.21546494 | C27: 0.87723506
A28: 2 | B28: 1.0942267 | C28: -0.00072671808
A29: 3 | B29: 1.0941517 | C29: -0.002851702
A30: 4 | B30: 1.0961511 | C30: 0.001748937
A31: 5 | B31: 1.1014631 | C31: -0.010763064
A32: 6 | B32: 1.0956608 | C32: -0.012160814
A33: 7 | B33: 1.089898 | C33: -0.0022979919
A34: 8 | B34: 1.0931752 | C34: -0.0069751565
A35: 9 | B35: 1.0920217 | C35: -0.0064217295
A36: 10 | B36: 1.0915543 | C36: -0.0093542656
A37: 11 | B37: 1.0888155 | C37: -0.011215512
A38: 12 | B38: 1.0851163 | C38: -0.0031163055
... A1539: 1513 | B1539: 1.1737419 | C1539: 0.030158134

Sheet AR(2)
A1: SUMMARY OUTPUT
A3: Regression Statistics
A4: Multiple R | B4: 0.89778295
A5: R Square | B5: 0.80601423
A6: Adjusted R Square | B6: 0.8057573
A7: Standard Error | B7: 0.025783159
A8: Observations | B8: 1513
A10: ANOVA
B11: df | C11: SS | D11: MS | E11: F | F11: Significance F
A12: Regression | B12: 2 | C12: 4.1708257 | D12: 2.0854128 | E12: 3137.0381 | F12: 0
A13: Residual | B13: 1510 | C13: 1.0038046 | D13: 0.00066477128
A14: Total | B14: 1512 | C14: 5.1746303
B16: Coefficients | C16: Standard Error | D16: t Stat | E16: P-value | F16: Lower 95% | G16: Upper 95% | H16: Lower 95.0% | I16: Upper 95.0%
A17: Intercept | B17: 0.2154633 | C17: 0.011351439 | D17: 18.981144 | E17: 3.2080047e-72 | F17: 0.19319704 | G17: 0.23772956 | H17: 0.19319704 | I17: 0.23772956
A18: Yt-1 | B18: 0.80422327 | C18: 0.02525913 | D18: 31.838914 | E18: 1.2502298e-170 | F18: 0.75467657 | G18: 0.85376997 | H18: 0.75467657 | I18: 0.85376997
A19: Yt-2 | B19: 0.0027791054 | C19: 0.023134179 | D19: 0.12012985 | E19: 0.90439627 | F19: -0.042599427 | G19: 0.048157637 | H19: -0.042599427 | I19: 0.048157637
A23: RESIDUAL OUTPUT
A25: Observation | B25: Predicted Yt | C25: Residuals
A26: 1 | B26: 0.2154633 | C26: 0.8772367
A27: 2 | B27: 1.0942381 | C27: -0.00073806786
A28: 3 | B28: 1.0979182 | C28: -0.006618175
A29: 4 | B29: 1.0961511 | C29: 0.001748893
A30: 5 | B30: 1.1014529 | C30: -0.010752867
A31: 6 | B31: 1.0956808 | C31: -0.012180801
A32: 7 | B32: 1.0898704 | C32: -0.002270384
A33: 8 | B33: 1.0931477 | C33: -0.0069476899
A34: 9 | B34: 1.0920332 | C34: -0.0064331716
A35: 10 | B35: 1.0915467 | C35: -0.0093467469
A36: 11 | B36: 1.0888107 | C36: -0.01121072
A37: 12 | B37: 1.0851018 | C37: -0.0031018444
... A1538: 1513 | B1538: 1.1737664 | C1538: 0.030133607

Sheet AR(1)
A1: SUMMARY OUTPUT
A3: Regression Statistics
A4: Multiple R | B4: 0.89778192
A5: R Square | B5: 0.80601238
A6: Adjusted R Square | B6: 0.80588399
A7: Standard Error | B7: 0.025774749
A8: Observations | B8: 1513
A10: ANOVA
B11: df | C11: SS | D11: MS | E11: F | F11: Significance F
A12: Regression | B12: 1 | C12: 4.1708161 | D12: 4.1708161 | E12: 6278.1567 | F12: 0
A13: Residual | B13: 1511 | C13: 1.0038142 | D13: 0.00066433768
A14: Total | B14: 1512 | C14: 5.1746303
B16: Coefficients | C16: Standard Error | D16: t Stat | E16: P-value | F16: Lower 95% | G16: Upper 95% | H16: Lower 95.0% | I16: Upper 95.0%
A17: Intercept | B17: 0.21546391 | C17: 0.011347735 | D17: 18.987393 | E17: 2.8830999e-72 | F17: 0.19320493 | G17: 0.2377229 | H17: 0.19320493 | I17: 0.2377229
A18: Yt-1 | B18: 0.80699986 | C18: 0.010184914 | D18: 79.23482 | E18: 0 | F18: 0.7870218 | G18: 0.82697793 | H18: 0.7870218 | I18: 0.82697793
A22: RESIDUAL OUTPUT
A24: Observation | B24: Predicted Yt | C24: Residuals
A25: 1 | B25: 0.21546391 | C25: 0.87723609
A26: 2 | B26: 1.0972727 | C26: -0.0037726643
A27: 3 | B27: 1.0979183 | C27: -0.0066182642
A28: 4 | B28: 1.0961429 | C28: 0.0017571355
A29: 5 | B29: 1.1014691 | C29: -0.010769064
A30: 6 | B30: 1.0956587 | C30: -0.012158665
A31: 7 | B31: 1.0898483 | C31: -0.0022482655
A32: 8 | B32: 1.093157 | C32: -0.006956965
A33: 9 | B33: 1.0920272 | C33: -0.0064271651
A34: 10 | B34: 1.091543 | C34: -0.0093429652
A35: 11 | B35: 1.0887992 | C35: -0.011199166
A36: 12 | B36: 1.085087 | C36: -0.0030869663
... A1537: 1513 | B1537: 1.1737763 | C1537: 0.030123749
